"name_fielder","fielder_id","fld_name_display_club","season","position","pa","avg_norm_start_distance","avg_norm_start_angle"
"Andujar, Miguel",609280,"Athletics",2025,"RF","105","295","29"
"Brown, Seth",664913,"Athletics",2025,"RF","55","296","29"
"Cortes, Carlos",666126,"Athletics",2025,"RF","563","296","29"
"Rooker, Brent",667670,"Athletics",2025,"RF","705","300","29"
"Bleday, JJ",668709,"Athletics",2025,"RF","719","296","28"
"Butler, Lawrence",671732,"Athletics",2025,"RF","3446","294","29"
"Alexander, CJ",680769,"Athletics",2025,"RF","20","299","29"
"Thomas, Colby",687515,"Athletics",2025,"RF","576","294","28"
"Rosario, Eddie",592696,"Braves",2025,"RF","28","291","28"
"Fraley, Jake",641584,"Braves",2025,"RF","141","297","27"
"White, Eli",642201,"Braves",2025,"RF","1448","295","27"
"Fairchild, Stuart",656413,"Braves",2025,"RF","317","296","26"
"Bruján, Vidal",660644,"Braves",2025,"RF","110","297","26"
"Acuña Jr., Ronald",660670,"Braves",2025,"RF","3338","297","27"
"Kelenic, Jarred",672284,"Braves",2025,"RF","694","293","27"
"Grichuk, Randal",545341,"D-backs",2025,"RF","614","295","27"
"McCarthy, Jake",664983,"D-backs",2025,"RF","356","298","27"
"Barrosa, Jorge",678489,"D-backs",2025,"RF","114","282","26"
"Carroll, Corbin",682998,"D-backs",2025,"RF","5067","294","27"
"Tawa, Tim",694374,"D-backs",2025,"RF","12","300","27"
"O'Neill, Tyler",641933,"Orioles",2025,"RF","1263","298","27"
"O'Hearn, Ryan",656811,"Orioles",2025,"RF","565","296","28"
"Laureano, Ramón",657656,"Orioles",2025,"RF","1468","301","28"
"Carlson, Dylan",666185,"Orioles",2025,"RF","374","296","27"
"Jackson, Jeremiah",669236,"Orioles",2025,"RF","1065","296","28"
"Johnson, Daniel",669288,"Orioles",2025,"RF","34","298","27"
"Noda, Ryan",676116,"Orioles",2025,"RF","97","299","28"
"Kjerstad, Heston",677008,"Orioles",2025,"RF","695","300","27"
"Adams, Jordyn",677941,"Orioles",2025,"RF","16","297","27"
"Cowser, Colton",681297,"Orioles",2025,"RF","25","297","28"
"Beavers, Dylan",687637,"Orioles",2025,"RF","510","297","28"
"Refsnyder, Rob",608701,"Red Sox",2025,"RF","753","294","29"
"Abreu, Wilyer",677800,"Red Sox",2025,"RF","3589","288","29"
"Duran, Jarren",680776,"Red Sox",2025,"RF","14","288","31"
"Eaton, Nate",681987,"Red Sox",2025,"RF","387","292","29"
"Sogard, Nick",686765,"Red Sox",2025,"RF","70","294","28"
"Garcia, Jhostynxon",691373,"Red Sox",2025,"RF","55","293","29"
"Anthony, Roman",701350,"Red Sox",2025,"RF","1220","288","29"
"Yoshida, Masataka",807799,"Red Sox",2025,"RF","36","281","28"
"Castro, Willi",650489,"Cubs",2025,"RF","389","297","27"
"Bruján, Vidal",660644,"Cubs",2025,"RF","30","293","26"
"Tucker, Kyle",663656,"Cubs",2025,"RF","4177","297","27"
"Suzuki, Seiya",673548,"Cubs",2025,"RF","1117","296","27"
"Alcántara, Kevin",682634,"Cubs",2025,"RF","16","301","28"
"Caissie, Owen",683357,"Cubs",2025,"RF","161","301","27"
"Fraley, Jake",641584,"Reds",2025,"RF","1693","291","27"
"Joe, Connor",656582,"Reds",2025,"RF","347","293","28"
"Benson, Will",666181,"Reds",2025,"RF","1142","292","27"
"Espinal, Santiago",669289,"Reds",2025,"RF","161","292","28"
"Hinds, Rece",677956,"Reds",2025,"RF","466","292","27"
"Marte, Noelvi",682622,"Reds",2025,"RF","1831","294","28"
"Dunn, Blake",694362,"Reds",2025,"RF","364","295","27"
"Thomas, Lane",657041,"Guardians",2025,"RF","27","299","28"
"Jones, Nolan",666134,"Guardians",2025,"RF","2593","295","28"
"Rodríguez, Johnathan",671286,"Guardians",2025,"RF","712","295","27"
"Valera, George",671655,"Guardians",2025,"RF","123","300","28"
"Noel, Jhonkensy",678877,"Guardians",2025,"RF","1283","297","29"
"Schneemann, Daniel",682177,"Guardians",2025,"RF","247","301","28"
"Martínez, Angel",682657,"Guardians",2025,"RF","49","291","28"
"Brennan, Will",686823,"Guardians",2025,"RF","135","294","27"
"Kayfus, C.J.",692216,"Guardians",2025,"RF","865","298","27"
"Martini, Nick",605361,"Rockies",2025,"RF","450","293","27"
"Bouchard, Sean",656248,"Rockies",2025,"RF","388","297","27"
"Hilliard, Sam",656541,"Rockies",2025,"RF","93","300","27"
"Moniak, Mickey",666160,"Rockies",2025,"RF","2284","299","27"
"Freeman, Tyler",671289,"Rockies",2025,"RF","2302","297","26"
"Veen, Zac",691728,"Rockies",2025,"RF","192","301","24"
"Fernández, Yanquiel",692585,"Rockies",2025,"RF","638","298","27"
"Taylor, Michael A.",572191,"White Sox",2025,"RF","966","292","28"
"Slater, Austin",596103,"White Sox",2025,"RF","575","299","28"
"Jankowski, Travis",608671,"White Sox",2025,"RF","108","292","28"
"Palacios, Joshua",641943,"White Sox",2025,"RF","1030","295","29"
"Tauchman, Mike",643565,"White Sox",2025,"RF","2469","295","27"
"Fletcher, Dominic",666150,"White Sox",2025,"RF","267","288","26"
"Noda, Ryan",676116,"White Sox",2025,"RF","38","301","28"
"Baldwin, Brooks",681460,"White Sox",2025,"RF","506","299","28"
"Robertson, Will",683770,"White Sox",2025,"RF","110","297","27"
"Margot, Manuel",622534,"Tigers",2025,"RF","163","295","25"
"McKinstry, Zach",656716,"Tigers",2025,"RF","830","296","25"
"Jones, Jahmai",663330,"Tigers",2025,"RF","211","296","25"
"Vierling, Matt",663837,"Tigers",2025,"RF","54","294","24"
"Baddoo, Akil",668731,"Tigers",2025,"RF","50","293","25"
"Malloy, Justyn-Henry",669234,"Tigers",2025,"RF","319","296","26"
"Pérez, Wenceel",672761,"Tigers",2025,"RF","2622","297","25"
"Carpenter, Kerry",681481,"Tigers",2025,"RF","1734","292","25"
"Greene, Riley",682985,"Tigers",2025,"RF","35","294","27"
"Dubón, Mauricio",643289,"Astros",2025,"RF","74","295","27"
"Sánchez, Jesús",660821,"Astros",2025,"RF","639","302","26"
"Trammell, Taylor",666211,"Astros",2025,"RF","40","301","26"
"McCormick, Chas",676801,"Astros",2025,"RF","169","300","25"
"Melton, Jacob",689200,"Astros",2025,"RF","33","303","27"
"Dezenzo, Zach",701305,"Astros",2025,"RF","350","306","26"
"Smith, Cam",701358,"Astros",2025,"RF","4531","301","26"
"Cole, Zach",805904,"Astros",2025,"RF","192","302","26"
"Grichuk, Randal",545341,"Royals",2025,"RF","403","287","28"
"Yastrzemski, Mike",573262,"Royals",2025,"RF","1047","288","28"
"Canha, Mark",592192,"Royals",2025,"RF","244","293","29"
"Renfroe, Hunter",592669,"Royals",2025,"RF","992","289","28"
"Biggio, Cavan",624415,"Royals",2025,"RF","174","290","27"
"Frazier, Adam",624428,"Royals",2025,"RF","85","285","29"
"Melendez, MJ",669004,"Royals",2025,"RF","106","284","26"
"Rave, John",670231,"Royals",2025,"RF","642","291","28"
"Waters, Drew",671221,"Royals",2025,"RF","550","283","27"
"Garcia, Maikel",672580,"Royals",2025,"RF","32","290","25"
"Tolbert, Tyler",686475,"Royals",2025,"RF","38","291","27"
"Caglianone, Jac",695506,"Royals",2025,"RF","1666","288","28"
"Trout, Mike",545361,"Angels",2025,"RF","822","296","27"
"Taylor, Chris",621035,"Angels",2025,"RF","329","297","26"
"Soler, Jorge",624585,"Angels",2025,"RF","1337","299","26"
"Rengifo, Luis",650859,"Angels",2025,"RF","63","299","28"
"Kingery, Scott",664068,"Angels",2025,"RF","14","295","27"
"Wade Jr., LaMonte",664774,"Angels",2025,"RF","540","296","26"
"Adell, Jo",666176,"Angels",2025,"RF","2364","297","27"
"Campero, Gustavo",672569,"Angels",2025,"RF","558","296","27"
"Lugo, Matthew",683090,"Angels",2025,"RF","183","296","27"
"Hernández, Teoscar",606192,"Dodgers",2025,"RF","4586","292","27"
"Ruiz, Esteury",665923,"Dodgers",2025,"RF","83","288","27"
"Call, Alex",669743,"Dodgers",2025,"RF","269","289","27"
"Outman, James",681546,"Dodgers",2025,"RF","18","293","26"
"Pages, Andy",681624,"Dodgers",2025,"RF","1082","293","26"
"Sánchez, Jesús",660821,"Marlins",2025,"RF","2374","292","28"
"Conine, Griffin",665052,"Marlins",2025,"RF","257","293","28"
"Myers, Dane",667472,"Marlins",2025,"RF","741","294","29"
"Stowers, Kyle",669065,"Marlins",2025,"RF","1164","295","28"
"Wagaman, Eric",676572,"Marlins",2025,"RF","54","297","28"
"Hernández, Heriberto",681715,"Marlins",2025,"RF","356","290","28"
"Mesa Jr., Victor",683748,"Marlins",2025,"RF","187","305","29"
"Wiemer, Joey",686894,"Marlins",2025,"RF","616","303","28"
"Johnston, Troy",687859,"Marlins",2025,"RF","294","302","30"
"Marsee, Jakob",805300,"Marlins",2025,"RF","116","300","29"
"Bauers, Jake",641343,"Brewers",2025,"RF","122","296","27"
"Lockridge, Brandon",663604,"Brewers",2025,"RF","233","299","28"
"Cameron, Daz",663662,"Brewers",2025,"RF","197","289","28"
"Black, Tyler",672012,"Brewers",2025,"RF","12","297","27"
"Frelick, Sal",686217,"Brewers",2025,"RF","4672","302","28"
"Collins, Isaac",686555,"Brewers",2025,"RF","233","302","28"
"Chourio, Jackson",694192,"Brewers",2025,"RF","552","300","27"
"Castro, Willi",650489,"Twins",2025,"RF","670","295","30"
"Larnach, Trevor",663616,"Twins",2025,"RF","1255","293","29"
"Bader, Harrison",664056,"Twins",2025,"RF","179","297","29"
"Clemens, Kody",665019,"Twins",2025,"RF","265","296","29"
"Wallner, Matt",670242,"Twins",2025,"RF","2890","293","30"
"McCusker, Carson",676812,"Twins",2025,"RF","194","293","30"
"Keirsey Jr., DaShawn",680577,"Twins",2025,"RF","374","290","29"
"Outman, James",681546,"Twins",2025,"RF","247","293","29"
"Roden, Alan",702176,"Twins",2025,"RF","16","295","29"
"Marte, Starling",516782,"Mets",2025,"RF","66","293","27"
"Taylor, Tyrone",621438,"Mets",2025,"RF","19","290","28"
"Azocar, José",640492,"Mets",2025,"RF","61","293","26"
"McNeil, Jeff",643446,"Mets",2025,"RF","103","298","28"
"Soto, Juan",665742,"Mets",2025,"RF","5846","293","27"
"Stanton, Giancarlo",519317,"Yankees",2025,"RF","421","292","26"
"Judge, Aaron",592450,"Yankees",2025,"RF","3436","288","26"
"Slater, Austin",596103,"Yankees",2025,"RF","92","293","26"
"Reyes, Pablo",622569,"Yankees",2025,"RF","97","297","28"
"Bellinger, Cody",641355,"Yankees",2025,"RF","1760","287","26"
"Rosario, Amed",642708,"Yankees",2025,"RF","63","291","25"
"Caballero, José",676609,"Yankees",2025,"RF","189","293","26"
"Castellanos, Nick",592206,"Phillies",2025,"RF","5024","291","28"
"Kepler, Max",596146,"Phillies",2025,"RF","982","296","28"
"Marsh, Brandon",669016,"Phillies",2025,"RF","11","288","28"
"McCutchen, Andrew",457705,"Pirates",2025,"RF","207","304","27"
"Pham, Tommy",502054,"Pirates",2025,"RF","107","289","26"
"Frazier, Adam",624428,"Pirates",2025,"RF","140","287","28"
"Reynolds, Bryan",668804,"Pirates",2025,"RF","4131","296","28"
"Suwinski, Jack",669261,"Pirates",2025,"RF","484","290","28"
"Canario, Alexander",672744,"Pirates",2025,"RF","598","291","27"
"Bae, Ji Hwan",678225,"Pirates",2025,"RF","33","279","26"
"Simon, Ronny",682927,"Pirates",2025,"RF","143","291","27"
"Yorke, Nick",694377,"Pirates",2025,"RF","103","290","28"
"Cook, Billy",695257,"Pirates",2025,"RF","14","294","27"
"Heyward, Jason",518792,"Padres",2025,"RF","68","295","27"
"Wade, Tyler",642180,"Padres",2025,"RF","50","295","27"
"O'Hearn, Ryan",656811,"Padres",2025,"RF","83","295","27"
"Laureano, Ramón",657656,"Padres",2025,"RF","83","301","27"
"Gonzalez, Oscar",660757,"Padres",2025,"RF","101","295","27"
"Lockridge, Brandon",663604,"Padres",2025,"RF","56","297","27"
"Tatis Jr., Fernando",665487,"Padres",2025,"RF","5394","297","27"
"Johnson, Bryce",669369,"Padres",2025,"RF","124","294","27"
"Robles, Victor",645302,"Mariners",2025,"RF","981","290","26"
"Rivas, Leo",660844,"Mariners",2025,"RF","37","284","26"
"Moore, Dylan",664238,"Mariners",2025,"RF","616","295","26"
"Taveras, Leody",665750,"Mariners",2025,"RF","901","299","26"
"Taylor, Samad",669392,"Mariners",2025,"RF","69","300","26"
"Raley, Luke",670042,"Mariners",2025,"RF","851","296","27"
"Mastrobuoni, Miles",670156,"Mariners",2025,"RF","325","296","26"
"Canzone, Dominic",686527,"Mariners",2025,"RF","2191","297","27"
"Thomas, Rhylan",689041,"Mariners",2025,"RF","78","299","26"
"Yastrzemski, Mike",573262,"Giants",2025,"RF","3179","294","28"
"Fitzgerald, Tyler",666149,"Giants",2025,"RF","90","294","28"
"Encarnacion, Jerar",666464,"Giants",2025,"RF","405","291","28"
"Johnson, Daniel",669288,"Giants",2025,"RF","111","296","27"
"Matos, Luis",682641,"Giants",2025,"RF","1122","296","28"
"McCray, Grant",687529,"Giants",2025,"RF","249","297","28"
"Gilbert, Drew",687551,"Giants",2025,"RF","914","294","27"
"Hampson, Garrett",641658,"Cardinals",2025,"RF","87","296","27"
"Nootbaar, Lars",663457,"Cardinals",2025,"RF","815","294","27"
"Fermín, José",665877,"Cardinals",2025,"RF","34","295","27"
"Vilade, Ryan",668723,"Cardinals",2025,"RF","129","294","28"
"Burleson, Alec",676475,"Cardinals",2025,"RF","1121","297","28"
"Barrero, José",676480,"Cardinals",2025,"RF","13","295","28"
"Scott II, Victor",687363,"Cardinals",2025,"RF","42","303","28"
"Walker, Jordan",691023,"Cardinals",2025,"RF","3790","293","27"
"Church, Nathan",701675,"Cardinals",2025,"RF","71","297","28"
"Jankowski, Travis",608671,"Rays",2025,"RF","189","300","28"
"Mangum, Jake",663968,"Rays",2025,"RF","938","300","28"
"Lowe, Josh",666139,"Rays",2025,"RF","3556","301","28"
"Morel, Christopher",666624,"Rays",2025,"RF","40","288","28"
"Misner, Kameron",670224,"Rays",2025,"RF","445","301","28"
"Caballero, José",676609,"Rays",2025,"RF","656","300","28"
"Pereira, Everson",677592,"Rays",2025,"RF","66","295","28"
"Palacios, Richie",680700,"Rays",2025,"RF","33","298","27"
"Simpson, Chandler",802415,"Rays",2025,"RF","10","301","28"
"Pederson, Joc",592626,"Rangers",2025,"RF","15","285","27"
"Pillar, Kevin",607680,"Rangers",2025,"RF","53","291","27"
"McKinney, Billy",641856,"Rangers",2025,"RF","122","305","28"
"Haggerty, Sam",664059,"Rangers",2025,"RF","147","290","27"
"Moore, Dylan",664238,"Rangers",2025,"RF","55","292","27"
"García, Adolis",666969,"Rangers",2025,"RF","4603","294","27"
"Smith, Josh",669701,"Rangers",2025,"RF","213","295","26"
"Duran, Ezequiel",677649,"Rangers",2025,"RF","145","294","27"
"Freeman, Cody",683227,"Rangers",2025,"RF","90","298","26"
"Harris, Dustin",687957,"Rangers",2025,"RF","75","295","29"
"Osuna, Alejandro",696030,"Rangers",2025,"RF","398","302","27"
"Springer, George",543807,"Blue Jays",2025,"RF","1164","300","27"
"Santander, Anthony",623993,"Blue Jays",2025,"RF","519","300","26"
"Straw, Myles",664702,"Blue Jays",2025,"RF","207","294","27"
"Lukes, Nathan",664770,"Blue Jays",2025,"RF","1889","295","28"
"Barger, Addison",680718,"Blue Jays",2025,"RF","1744","296","28"
"Clase, Jonatan",682729,"Blue Jays",2025,"RF","25","281","28"
"Robertson, Will",683770,"Blue Jays",2025,"RF","43","290","28"
"Loperfido, Joey",694388,"Blue Jays",2025,"RF","237","292","27"
"Roden, Alan",702176,"Blue Jays",2025,"RF","234","299","27"
"Call, Alex",669743,"Nationals",2025,"RF","1357","297","27"
"Crews, Dylan",686611,"Nationals",2025,"RF","2662","295","26"
"Hassell III, Robert",690987,"Nationals",2025,"RF","299","296","27"
"Lile, Daylen",695734,"Nationals",2025,"RF","1958","299","27"